country;date;value;Name
Albania (cons); 1996;0,28869;P90vsP10
Albania (cons); 2002;0,24038;P90vsP10
Albania (cons); 2005;0,24549;P90vsP10
Albania (cons); 2008;0,25914;P90vsP10
Albania (cons); 2012;0,26441;P90vsP10
Algeria (cons); 1988;0,17252;P90vsP10
Algeria (cons); 1995;0,19879;P90vsP10
Algeria (cons); 2011;0,28766;P90vsP10
Angola (cons); 2000;0,06766;P90vsP10
Angola (cons); 2009;0,13886;P90vsP10
Argentina (Urban) (inc); 1986;0,13177;P90vsP10
Argentina (Urban) (inc); 1987;0,11625;P90vsP10
Argentina (Urban) (inc); 1991;0,11486;P90vsP10
Argentina (Urban) (inc); 1992;0,10889;P90vsP10
Argentina (Urban) (inc); 1993;0,10313;P90vsP10
Argentina (Urban) (inc); 1994;0,10285;P90vsP10
Argentina (Urban) (inc); 1995;0,07855;P90vsP10
Argentina (Urban) (inc); 1996;0,07253;P90vsP10
Argentina (Urban) (inc); 1997;0,07592;P90vsP10
Argentina (Urban) (inc); 1998;0,07423;P90vsP10
Argentina (Urban) (inc); 1999;0,07485;P90vsP10
Argentina (Urban) (inc); 2000;0,0671;P90vsP10
Argentina (Urban) (inc); 2001;0,04741;P90vsP10
Argentina (Urban) (inc); 2002;0,06088;P90vsP10
Argentina (Urban) (inc); 2003;0,07116;P90vsP10
Argentina (Urban) (inc); 2004;0,08149;P90vsP10
Argentina (Urban) (inc); 2005;0,08287;P90vsP10
Argentina (Urban) (inc); 2006;0,08439;P90vsP10
Argentina (Urban) (inc); 2007;0,0895;P90vsP10
Argentina (Urban) (inc); 2008;0,09407;P90vsP10
Argentina (Urban) (inc); 2009;0,09353;P90vsP10
Argentina (Urban) (inc); 2010;0,11466;P90vsP10
Argentina (Urban) (inc); 2011;0,12027;P90vsP10
Argentina (Urban) (inc); 2012;0,12355;P90vsP10
Argentina (Urban) (inc); 2013;0,12745;P90vsP10
Argentina (Urban) (inc); 2014;0,13066;P90vsP10
Argentina (Urban) (inc); 2016;0,12684;P90vsP10
Armenia (cons); 1999;0,19898;P90vsP10
Armenia (cons); 2001;0,20878;P90vsP10
Armenia (cons); 2002;0,21724;P90vsP10
Armenia (cons); 2003;0,23827;P90vsP10
Armenia (cons); 2004;0,19525;P90vsP10
Armenia (cons); 2005;0,21091;P90vsP10
Armenia (cons); 2006;0,25922;P90vsP10
Armenia (cons); 2007;0,24308;P90vsP10
Armenia (cons); 2008;0,2707;P90vsP10
Armenia (cons); 2009;0,28369;P90vsP10
Armenia (cons); 2010;0,26491;P90vsP10
Armenia (cons); 2011;0,26774;P90vsP10
Armenia (cons); 2012;0,26211;P90vsP10
Armenia (cons); 2013;0,2482;P90vsP10
Armenia (cons); 2014;0,24066;P90vsP10
Armenia (cons); 2015;0,22824;P90vsP10
Armenia (cons); 2016;0,22857;P90vsP10
Armenia (inc); 1996;0,14678;P90vsP10
Australia (inc); 1981;0,20944;P90vsP10
Australia (inc); 1985;0,20051;P90vsP10
Australia (inc); 1989;0,19389;P90vsP10
Australia (inc); 1995;0,20695;P90vsP10
Australia (inc); 2001;0,1989;P90vsP10
Australia (inc); 2003;0,19702;P90vsP10
Australia (inc); 2008;0,19354;P90vsP10
Australia (inc); 2010;0,19409;P90vsP10
Austria (inc); 2003;0,24046;P90vsP10
Austria (inc); 2004;0,24605;P90vsP10
Austria (inc); 2005;0,2556;P90vsP10
Austria (inc); 2006;0,24568;P90vsP10
Austria (inc); 2007;0,22338;P90vsP10
Austria (inc); 2008;0,21971;P90vsP10
Austria (inc); 2009;0,20548;P90vsP10
Austria (inc); 2010;0,22673;P90vsP10
Austria (inc); 2011;0,21629;P90vsP10
Austria (inc); 2012;0,21315;P90vsP10
Austria (inc); 2013;0,22428;P90vsP10
Austria (inc); 2014;0,22474;P90vsP10
Austria (inc); 2015;0,21915;P90vsP10
Azerbaijan (cons); 1995;0,18876;P90vsP10
Bolivia (inc); 2016;0,08024;P90vsP10
Azerbaijan (cons); 2001;0,20043;P90vsP10
Azerbaijan (cons); 2002;0,44678;P90vsP10
Azerbaijan (cons); 2003;0,4192;P90vsP10
Azerbaijan (cons); 2004;0,47253;P90vsP10
Azerbaijan (cons); 2005;0,46972;P90vsP10
Bangladesh (cons); 1984;0,29969;P90vsP10
Bangladesh (cons); 1986;0,30741;P90vsP10
Bangladesh (cons); 1989;0,28254;P90vsP10
Bangladesh (cons); 1992;0,28858;P90vsP10
Bangladesh (cons); 1996;0,24364;P90vsP10
Bangladesh (cons); 2000;0,24297;P90vsP10
Bangladesh (cons); 2005;0,24815;P90vsP10
Bangladesh (cons); 2010;0,25303;P90vsP10
Bangladesh (cons); 2016;0,24534;P90vsP10
Belarus (cons); 1998;0,22221;P90vsP10
Belarus (cons); 1999;0,2169;P90vsP10
Belarus (cons); 2000;0,22414;P90vsP10
Belarus (cons); 2001;0,2345;P90vsP10
Belarus (cons); 2002;0,23968;P90vsP10
Belarus (cons); 2003;0,25382;P90vsP10
Belarus (cons); 2004;0,28644;P90vsP10
Belarus (cons); 2005;0,27029;P90vsP10
Belarus (cons); 2006;0,26493;P90vsP10
Belarus (cons); 2007;0,25168;P90vsP10
Belarus (cons); 2008;0,27028;P90vsP10
Belarus (cons); 2009;0,26967;P90vsP10
Belarus (cons); 2010;0,26435;P90vsP10
Belarus (cons); 2011;0,27837;P90vsP10
Belarus (cons); 2012;0,29015;P90vsP10
Belarus (cons); 2013;0,28882;P90vsP10
Belarus (cons); 2014;0,28216;P90vsP10
Belarus (cons); 2015;0,28808;P90vsP10
Belarus (cons); 2016;0,28762;P90vsP10
Belarus (inc); 1993;0,36737;P90vsP10
Belarus (inc); 1995;0,25063;P90vsP10
Belgium (inc); 2003;0,24587;P90vsP10
Belgium (inc); 2004;0,23581;P90vsP10
Belgium (inc); 2005;0,24352;P90vsP10
Belgium (inc); 2006;0,25341;P90vsP10
Belgium (inc); 2007;0,24424;P90vsP10
Belgium (inc); 2008;0,25208;P90vsP10
Belgium (inc); 2009;0,24002;P90vsP10
Belgium (inc); 2010;0,2435;P90vsP10
Belgium (inc); 2011;0,2472;P90vsP10
Belgium (inc); 2012;0,25294;P90vsP10
Belgium (inc); 2013;0,25118;P90vsP10
Belgium (inc); 2014;0,25341;P90vsP10
Belgium (inc); 2015;0,256;P90vsP10
Belize (cons); 1995;0,05249;P90vsP10
Belize (inc); 1993;0,05797;P90vsP10
Belize (inc); 1994;0,06635;P90vsP10
Belize (inc); 1996;0,06765;P90vsP10
Belize (inc); 1997;0,04513;P90vsP10
Belize (inc); 1998;0,06942;P90vsP10
Belize (inc); 1999;0,06387;P90vsP10
Benin (cons); 2003;0,18507;P90vsP10
Benin (cons); 2011;0,15655;P90vsP10
Benin (cons); 2015;0,07021;P90vsP10
Bhutan (cons); 2003;0,17965;P90vsP10
Bhutan (cons); 2007;0,18269;P90vsP10
Bhutan (cons); 2012;0,18008;P90vsP10
Bhutan (cons); 2017;0,18769;P90vsP10
Bolivia (Urban) (inc); 1992;0,10588;P90vsP10
Bolivia (inc); 1991;0,15401;P90vsP10
Bolivia (inc); 1997;0,03519;P90vsP10
Bolivia (inc); 1999;0,02051;P90vsP10
Bolivia (inc); 2000;0,01878;P90vsP10
Bolivia (inc); 2001;0,03467;P90vsP10
Bolivia (inc); 2002;0,02847;P90vsP10
Bolivia (inc); 2004;0,06284;P90vsP10
Bolivia (inc); 2005;0,0365;P90vsP10
Bolivia (inc); 2006;0,04191;P90vsP10
Bolivia (inc); 2007;0,05488;P90vsP10
Bolivia (inc); 2008;0,06233;P90vsP10
Bolivia (inc); 2009;0,06;P90vsP10
Bolivia (inc); 2011;0,08056;P90vsP10
Bolivia (inc); 2012;0,0679;P90vsP10
Bolivia (inc); 2013;0,07242;P90vsP10
Bolivia (inc); 2014;0,0786;P90vsP10
Bolivia (inc); 2015;0,07958;P90vsP10
Bosnia and Herzegovina (cons); 2001;0,24926;P90vsP10
Bosnia and Herzegovina (cons); 2004;0,20481;P90vsP10
Bosnia and Herzegovina (cons); 2007;0,21421;P90vsP10
Bosnia and Herzegovina (cons); 2011;0,20992;P90vsP10
Bosnia and Herzegovina (cons); 2015;0,2156;P90vsP10
Botswana (cons); 1986;0,09258;P90vsP10
Botswana (cons); 1993;0,07776;P90vsP10
Botswana (cons); 2003;0,05632;P90vsP10
Botswana (cons); 2009;0,06971;P90vsP10
Brazil (inc); 1981;0,05766;P90vsP10
Brazil (inc); 1982;0,05762;P90vsP10
Brazil (inc); 1983;0,05753;P90vsP10
Brazil (inc); 1984;0,06056;P90vsP10
Brazil (inc); 1985;0,06442;P90vsP10
Brazil (inc); 1986;0,05876;P90vsP10
Brazil (inc); 1987;0,05141;P90vsP10
Brazil (inc); 1988;0,04514;P90vsP10
Brazil (inc); 1989;0,04264;P90vsP10
Brazil (inc); 1990;0,05259;P90vsP10
Brazil (inc); 1992;0,0581;P90vsP10
Brazil (inc); 1993;0,04826;P90vsP10
Brazil (inc); 1995;0,05263;P90vsP10
Brazil (inc); 1996;0,04648;P90vsP10
Brazil (inc); 1997;0,04834;P90vsP10
Brazil (inc); 1998;0,052;P90vsP10
Brazil (inc); 1999;0,05389;P90vsP10
Brazil (inc); 2001;0,05399;P90vsP10
Brazil (inc); 2002;0,05882;P90vsP10
Brazil (inc); 2003;0,05834;P90vsP10
Brazil (inc); 2004;0,06389;P90vsP10
Brazil (inc); 2005;0,06506;P90vsP10
Brazil (inc); 2006;0,06696;P90vsP10
Brazil (inc); 2007;0,06542;P90vsP10
Brazil (inc); 2008;0,07038;P90vsP10
Brazil (inc); 2009;0,07109;P90vsP10
Brazil (inc); 2011;0,07185;P90vsP10
Brazil (inc); 2012;0,076;P90vsP10
Brazil (inc); 2013;0,07303;P90vsP10
Brazil (inc); 2014;0,08287;P90vsP10
Brazil (inc); 2015;0,08066;P90vsP10
Bulgaria (cons); 1989;0,34198;P90vsP10
Bulgaria (cons); 1994;0,32253;P90vsP10
Bulgaria (cons); 1995;0,20886;P90vsP10
Bulgaria (cons); 1997;0,3151;P90vsP10
Bulgaria (cons); 2001;0,18908;P90vsP10
Bulgaria (cons); 2003;0,24722;P90vsP10
Bulgaria (cons); 2007;0,24514;P90vsP10
Bulgaria (inc); 1992;0,2428;P90vsP10
Bulgaria (inc); 2006;0,12409;P90vsP10
Bulgaria (inc); 2007;0,15736;P90vsP10
Bulgaria (inc); 2008;0,17725;P90vsP10
Bulgaria (inc); 2009;0,17407;P90vsP10
Bulgaria (inc); 2010;0,15419;P90vsP10
Bulgaria (inc); 2011;0,15432;P90vsP10
Bulgaria (inc); 2012;0,14613;P90vsP10
Bulgaria (inc); 2013;0,13258;P90vsP10
Bulgaria (inc); 2014;0,14017;P90vsP10
Burkina Faso (cons); 1994;0,13895;P90vsP10
Burkina Faso (cons); 1998;0,12287;P90vsP10
Burkina Faso (cons); 2003;0,148;P90vsP10
Burkina Faso (cons); 2009;0,1758;P90vsP10
Burkina Faso (cons); 2014;0,22879;P90vsP10
Burundi (cons); 1992;0,23055;P90vsP10
Burundi (cons); 1999;0,11854;P90vsP10
Burundi (cons); 2006;0,25667;P90vsP10
Burundi (cons); 2014;0,17988;P90vsP10
Cameroon (cons); 1996;0,15493;P90vsP10
Cameroon (cons); 2001;0,1596;P90vsP10
Cameroon (cons); 2007;0,15913;P90vsP10
Cameroon (cons); 2014;0,11493;P90vsP10
Canada (inc); 1981;0,19496;P90vsP10
Canada (inc); 1987;0,20991;P90vsP10
Canada (inc); 1991;0,21543;P90vsP10
Canada (inc); 1994;0,21405;P90vsP10
Canada (inc); 1997;0,20441;P90vsP10
Canada (inc); 1998;0,19365;P90vsP10
Canada (inc); 2000;0,19223;P90vsP10
Canada (inc); 2004;0,18903;P90vsP10
Canada (inc); 2007;0,19447;P90vsP10
Canada (inc); 2010;0,19501;P90vsP10
Canada (inc); 2013;0,17493;P90vsP10
Cape Verde (cons); 2002;0,10155;P90vsP10
Cape Verde (cons); 2007;0,12535;P90vsP10
Central African Republic (cons); 1992;0,0483;P90vsP10
Central African Republic (cons); 2003;0,13483;P90vsP10
Central African Republic (cons); 2008;0,0792;P90vsP10
Chad (cons); 2003;0,1641;P90vsP10
Chad (cons); 2011;0,12193;P90vsP10
Chile (inc); 1987;0,07654;P90vsP10
Chile (inc); 1990;0,07795;P90vsP10
Chile (inc); 1992;0,09177;P90vsP10
Chile (inc); 1994;0,0804;P90vsP10
Chile (inc); 1996;0,08644;P90vsP10
Chile (inc); 1998;0,08177;P90vsP10
Chile (inc); 2000;0,08595;P90vsP10
Chile (inc); 2003;0,09051;P90vsP10
Chile (inc); 2006;0,10872;P90vsP10
Chile (inc); 2009;0,10323;P90vsP10
Chile (inc); 2011;0,11475;P90vsP10
Chile (inc); 2013;0,12083;P90vsP10
Chile (inc); 2015;0,11069;P90vsP10
China (Rural) (cons); 1990;0,25836;P90vsP10
China (Rural) (cons); 1993;0,24355;P90vsP10
China (Rural) (cons); 1996;0,23507;P90vsP10
China (Rural) (cons); 1999;0,22032;P90vsP10
China (Rural) (cons); 2002;0,19962;P90vsP10
China (Rural) (cons); 2005;0,20849;P90vsP10
China (Rural) (cons); 2008;0,18307;P90vsP10
China (Rural) (cons); 2010;0,17889;P90vsP10
China (Rural) (cons); 2011;0,18654;P90vsP10
China (Rural) (cons); 2012;0,17936;P90vsP10
China (Rural) (cons); 2013;0,21994;P90vsP10
China (Rural) (cons); 2014;0,21872;P90vsP10
China (Rural) (cons); 2015;0,22668;P90vsP10
China (Rural) (inc); 1981;0,31105;P90vsP10
China (Rural) (inc); 1984;0,29184;P90vsP10
China (Rural) (inc); 1987;0,25125;P90vsP10
China (Urban) (cons); 1990;0,30512;P90vsP10
China (Urban) (cons); 1993;0,27154;P90vsP10
China (Urban) (cons); 1996;0,26845;P90vsP10
China (Urban) (cons); 1999;0,2369;P90vsP10
China (Urban) (cons); 2002;0,21623;P90vsP10
China (Urban) (cons); 2005;0,20279;P90vsP10
China (Urban) (cons); 2008;0,2035;P90vsP10
China (Urban) (cons); 2010;0,20181;P90vsP10
China (Urban) (cons); 2011;0,20488;P90vsP10
China (Urban) (cons); 2012;0,20541;P90vsP10
China (Urban) (cons); 2013;0,18732;P90vsP10
China (Urban) (cons); 2014;0,18379;P90vsP10
China (Urban) (cons); 2015;0,18907;P90vsP10
China (Urban) (inc); 1981;0,41949;P90vsP10
China (Urban) (inc); 1984;0,43918;P90vsP10
China (Urban) (inc); 1987;0,37979;P90vsP10
China (cons); 2008;0,138;P90vsP10
China (cons); 2012;0,13934;P90vsP10
Colombia (Urban) (inc); 1988;0,0814;P90vsP10
Colombia (Urban) (inc); 1989;0,08777;P90vsP10
Colombia (Urban) (inc); 1991;0,08925;P90vsP10
Colombia (inc); 1992;0,07237;P90vsP10
Colombia (inc); 1996;0,03385;P90vsP10
Colombia (inc); 1999;0,02642;P90vsP10
Colombia (inc); 2000;0,01076;P90vsP10
Colombia (inc); 2001;0,03774;P90vsP10
Colombia (inc); 2002;0,06854;P90vsP10
Colombia (inc); 2003;0,07686;P90vsP10
Colombia (inc); 2004;0,0814;P90vsP10
Colombia (inc); 2005;0,08075;P90vsP10
Colombia (inc); 2008;0,06409;P90vsP10
Colombia (inc); 2009;0,07078;P90vsP10
Colombia (inc); 2010;0,07239;P90vsP10
Colombia (inc); 2011;0,0774;P90vsP10
Colombia (inc); 2012;0,07723;P90vsP10
Colombia (inc); 2013;0,07777;P90vsP10
Colombia (inc); 2014;0,07891;P90vsP10
Colombia (inc); 2015;0,08548;P90vsP10
Colombia (inc); 2016;0,08606;P90vsP10
Comoros (cons); 2004;0,09722;P90vsP10
Comoros (cons); 2014;0,11026;P90vsP10
Congo (cons); 2005;0,12625;P90vsP10
Congo (cons); 2011;0,10292;P90vsP10
Costa Rica (inc); 1981;0,0774;P90vsP10
Costa Rica (inc); 1986;0,12672;P90vsP10
Costa Rica (inc); 1989;0,04725;P90vsP10
Costa Rica (inc); 1990;0,07037;P90vsP10
Costa Rica (inc); 1991;0,07058;P90vsP10
Costa Rica (inc); 1992;0,0774;P90vsP10
Costa Rica (inc); 1993;0,07362;P90vsP10
Costa Rica (inc); 1994;0,07983;P90vsP10
Costa Rica (inc); 1995;0,08051;P90vsP10
Costa Rica (inc); 1996;0,07564;P90vsP10
Costa Rica (inc); 1997;0,0903;P90vsP10
Costa Rica (inc); 1998;0,09499;P90vsP10
Costa Rica (inc); 1999;0,08117;P90vsP10
Costa Rica (inc); 2000;0,0795;P90vsP10
Costa Rica (inc); 2001;0,07268;P90vsP10
Costa Rica (inc); 2002;0,07472;P90vsP10
Costa Rica (inc); 2003;0,07973;P90vsP10
Costa Rica (inc); 2004;0,08788;P90vsP10
Costa Rica (inc); 2005;0,09847;P90vsP10
Costa Rica (inc); 2006;0,09164;P90vsP10
Costa Rica (inc); 2007;0,10104;P90vsP10
Costa Rica (inc); 2008;0,10028;P90vsP10
Costa Rica (inc); 2009;0,08987;P90vsP10
Costa Rica (inc); 2010;0,10421;P90vsP10
Costa Rica (inc); 2011;0,09911;P90vsP10
Costa Rica (inc); 2012;0,09913;P90vsP10
Costa Rica (inc); 2013;0,09713;P90vsP10
Costa Rica (inc); 2014;0,09922;P90vsP10
Costa Rica (inc); 2015;0,09933;P90vsP10
Costa Rica (inc); 2016;0,09892;P90vsP10
Cote d'Ivoire (cons); 1985;0,11821;P90vsP10
Cote d'Ivoire (cons); 1986;0,18668;P90vsP10
Cote d'Ivoire (cons); 1987;0,16063;P90vsP10
Cote d'Ivoire (cons); 1988;0,18357;P90vsP10
Cote d'Ivoire (cons); 1993;0,15669;P90vsP10
Cote d'Ivoire (cons); 1995;0,1731;P90vsP10
Cote d'Ivoire (cons); 1998;0,17126;P90vsP10
Cote d'Ivoire (cons); 2002;0,151;P90vsP10
Cote d'Ivoire (cons); 2008;0,12509;P90vsP10
Cote d'Ivoire (cons); 2015;0,14179;P90vsP10
Croatia (cons); 1998;0,25955;P90vsP10
Croatia (cons); 1999;0,27263;P90vsP10
Croatia (cons); 2000;0,24509;P90vsP10
Croatia (cons); 2001;0,24649;P90vsP10
Croatia (cons); 2004;0,2521;P90vsP10
Croatia (cons); 2008;0,21862;P90vsP10
Croatia (cons); 2009;0,22036;P90vsP10
Croatia (cons); 2010;0,28393;P90vsP10
Croatia (inc); 1988;0,33214;P90vsP10
Croatia (inc); 2009;0,18774;P90vsP10
Croatia (inc); 2010;0,1828;P90vsP10
Croatia (inc); 2011;0,18736;P90vsP10
Croatia (inc); 2012;0,18876;P90vsP10
Croatia (inc); 2013;0,19257;P90vsP10
Croatia (inc); 2014;0,19328;P90vsP10
Croatia (inc); 2015;0,20357;P90vsP10
Cyprus (inc); 2004;0,25627;P90vsP10
Cyprus (inc); 2005;0,26094;P90vsP10
Cyprus (inc); 2006;0,25195;P90vsP10
Cyprus (inc); 2007;0,25269;P90vsP10
Cyprus (inc); 2008;0,24739;P90vsP10
Cyprus (inc); 2009;0,23808;P90vsP10
Cyprus (inc); 2010;0,24377;P90vsP10
Cyprus (inc); 2011;0,23074;P90vsP10
Cyprus (inc); 2012;0,21808;P90vsP10
Cyprus (inc); 2013;0,20126;P90vsP10
Cyprus (inc); 2014;0,20051;P90vsP10
Cyprus (inc); 2015;0,21536;P90vsP10
Czech Republic (inc); 1993;0,31524;P90vsP10
Czech Republic (inc); 1996;0,30434;P90vsP10
Czech Republic (inc); 2004;0,25937;P90vsP10
Czech Republic (inc); 2005;0,27165;P90vsP10
Czech Republic (inc); 2006;0,27077;P90vsP10
Czech Republic (inc); 2007;0,28463;P90vsP10
Czech Republic (inc); 2008;0,2807;P90vsP10
Czech Republic (inc); 2009;0,27902;P90vsP10
Czech Republic (inc); 2010;0,27141;P90vsP10
Czech Republic (inc); 2011;0,27222;P90vsP10
Czech Republic (inc); 2012;0,28356;P90vsP10
Czech Republic (inc); 2013;0,27453;P90vsP10
Czech Republic (inc); 2014;0,28178;P90vsP10
Czech Republic (inc); 2015;0,28198;P90vsP10
Democratic Republic of Congo (cons); 2005;0,14603;P90vsP10
Democratic Republic of Congo (cons); 2012;0,14056;P90vsP10
Denmark (inc); 2003;0,29491;P90vsP10
Denmark (inc); 2004;0,30333;P90vsP10
Denmark (inc); 2005;0,29701;P90vsP10
Denmark (inc); 2006;0,29365;P90vsP10
Denmark (inc); 2007;0,28683;P90vsP10
Denmark (inc); 2008;0,29647;P90vsP10
Denmark (inc); 2009;0,26331;P90vsP10
Denmark (inc); 2010;0,27075;P90vsP10
Denmark (inc); 2011;0,27011;P90vsP10
Denmark (inc); 2012;0,26332;P90vsP10
Denmark (inc); 2013;0,25451;P90vsP10
Denmark (inc); 2014;0,24889;P90vsP10
Denmark (inc); 2015;0,26299;P90vsP10
Djibouti (cons); 2002;0,15551;P90vsP10
Djibouti (cons); 2012;0,08854;P90vsP10
Djibouti (cons); 2013;0,11553;P90vsP10
Dominican Republic (inc); 1986;0,09412;P90vsP10
Dominican Republic (inc); 1989;0,10705;P90vsP10
Dominican Republic (inc); 1992;0,10297;P90vsP10
Dominican Republic (inc); 1996;0,09902;P90vsP10
Dominican Republic (inc); 1997;0,0886;P90vsP10
Dominican Republic (inc); 2000;0,0811;P90vsP10
Dominican Republic (inc); 2001;0,09663;P90vsP10
Dominican Republic (inc); 2002;0,08464;P90vsP10
Dominican Republic (inc); 2003;0,08696;P90vsP10
Dominican Republic (inc); 2004;0,09203;P90vsP10
Dominican Republic (inc); 2005;0,09816;P90vsP10
Dominican Republic (inc); 2006;0,0946;P90vsP10
Dominican Republic (inc); 2007;0,10539;P90vsP10
Dominican Republic (inc); 2008;0,11338;P90vsP10
Dominican Republic (inc); 2009;0,11095;P90vsP10
Dominican Republic (inc); 2010;0,11916;P90vsP10
Dominican Republic (inc); 2011;0,1154;P90vsP10
Dominican Republic (inc); 2012;0,12378;P90vsP10
Dominican Republic (inc); 2013;0,12292;P90vsP10
Dominican Republic (inc); 2014;0,12862;P90vsP10
Dominican Republic (inc); 2015;0,12529;P90vsP10
Dominican Republic (inc); 2016;0,12293;P90vsP10
Ecuador (Urban) (inc); 1995;0,06777;P90vsP10
Ecuador (inc); 1987;0,07159;P90vsP10
Ecuador (inc); 1994;0,06144;P90vsP10
Ecuador (inc); 1998;0,08566;P90vsP10
Ecuador (inc); 1999;0,05138;P90vsP10
Ecuador (inc); 2000;0,06362;P90vsP10
Ecuador (inc); 2003;0,07177;P90vsP10
Ecuador (inc); 2004;0,06686;P90vsP10
Ecuador (inc); 2005;0,07147;P90vsP10
Ecuador (inc); 2006;0,08377;P90vsP10
Ecuador (inc); 2007;0,07586;P90vsP10
Ecuador (inc); 2008;0,08552;P90vsP10
Ecuador (inc); 2009;0,09329;P90vsP10
Ecuador (inc); 2010;0,09588;P90vsP10
Ecuador (inc); 2011;0,10261;P90vsP10
Ecuador (inc); 2012;0,10088;P90vsP10
Ecuador (inc); 2013;0,10849;P90vsP10
Ecuador (inc); 2014;0,11625;P90vsP10
Ecuador (inc); 2015;0,10645;P90vsP10
Ecuador (inc); 2016;0,10835;P90vsP10
Egypt (cons); 1991;0,25391;P90vsP10
Egypt (cons); 1996;0,27505;P90vsP10
Egypt (cons); 2000;0,24834;P90vsP10
Egypt (cons); 2004;0,25171;P90vsP10
Egypt (cons); 2008;0,25645;P90vsP10
Egypt (cons); 2010;0,25462;P90vsP10
Egypt (cons); 2012;0,26897;P90vsP10
Egypt (cons); 2015;0,25277;P90vsP10
El Salvador (inc); 1991;0,04104;P90vsP10
El Salvador (inc); 1995;0,07618;P90vsP10
El Salvador (inc); 1996;0,07288;P90vsP10
El Salvador (inc); 1998;0,02919;P90vsP10
Gambia (cons); 2003;0,11687;P90vsP10
El Salvador (inc); 1999;0,03846;P90vsP10
El Salvador (inc); 2000;0,06827;P90vsP10
El Salvador (inc); 2001;0,0623;P90vsP10
El Salvador (inc); 2002;0,06033;P90vsP10
El Salvador (inc); 2003;0,04892;P90vsP10
El Salvador (inc); 2004;0,07706;P90vsP10
El Salvador (inc); 2005;0,08466;P90vsP10
El Salvador (inc); 2006;0,11432;P90vsP10
El Salvador (inc); 2007;0,12645;P90vsP10
El Salvador (inc); 2008;0,11258;P90vsP10
El Salvador (inc); 2009;0,11778;P90vsP10
El Salvador (inc); 2010;0,12934;P90vsP10
El Salvador (inc); 2011;0,14092;P90vsP10
El Salvador (inc); 2012;0,14341;P90vsP10
El Salvador (inc); 2013;0,13791;P90vsP10
El Salvador (inc); 2014;0,14706;P90vsP10
El Salvador (inc); 2015;0,15718;P90vsP10
El Salvador (inc); 2016;0,15408;P90vsP10
Estonia (cons); 1995;0,24846;P90vsP10
Estonia (cons); 1998;0,19586;P90vsP10
Estonia (cons); 2000;0,18523;P90vsP10
Estonia (cons); 2001;0,18781;P90vsP10
Estonia (cons); 2002;0,18802;P90vsP10
Estonia (cons); 2003;0,18553;P90vsP10
Estonia (cons); 2004;0,18784;P90vsP10
Estonia (inc); 1993;0,16486;P90vsP10
Estonia (inc); 2003;0,14597;P90vsP10
Estonia (inc); 2004;0,18246;P90vsP10
Estonia (inc); 2005;0,19101;P90vsP10
Estonia (inc); 2006;0,19377;P90vsP10
Estonia (inc); 2007;0,21887;P90vsP10
Estonia (inc); 2008;0,20917;P90vsP10
Estonia (inc); 2009;0,2061;P90vsP10
Estonia (inc); 2010;0,19013;P90vsP10
Estonia (inc); 2011;0,19179;P90vsP10
Estonia (inc); 2012;0,19065;P90vsP10
Estonia (inc); 2013;0,16975;P90vsP10
Estonia (inc); 2014;0,17394;P90vsP10
Estonia (inc); 2015;0,19944;P90vsP10
Eswatini (cons); 1995;0,05914;P90vsP10
Eswatini (cons); 2001;0,11376;P90vsP10
Eswatini (cons); 2009;0,09691;P90vsP10
Ethiopia (Rural) (cons); 1981;0,24119;P90vsP10
Ethiopia (cons); 1995;0,15807;P90vsP10
Ethiopia (cons); 2000;0,26029;P90vsP10
Ethiopia (cons); 2005;0,27144;P90vsP10
Ethiopia (cons); 2011;0,21439;P90vsP10
Ethiopia (cons); 2016;0,17081;P90vsP10
Fiji (cons); 2003;0,1814;P90vsP10
Fiji (cons); 2009;0,17178;P90vsP10
Fiji (cons); 2013;0,20414;P90vsP10
Finland (inc); 2003;0,27566;P90vsP10
Finland (inc); 2004;0,27656;P90vsP10
Finland (inc); 2005;0,28184;P90vsP10
Finland (inc); 2006;0,27304;P90vsP10
Finland (inc); 2007;0,26865;P90vsP10
Finland (inc); 2008;0,27029;P90vsP10
Finland (inc); 2009;0,27627;P90vsP10
Finland (inc); 2010;0,27242;P90vsP10
Finland (inc); 2011;0,27338;P90vsP10
Finland (inc); 2012;0,28138;P90vsP10
Finland (inc); 2013;0,27802;P90vsP10
Finland (inc); 2014;0,28397;P90vsP10
Finland (inc); 2015;0,28;P90vsP10
France (inc); 2003;0,23096;P90vsP10
France (inc); 2004;0,24309;P90vsP10
France (inc); 2005;0,2473;P90vsP10
France (inc); 2006;0,24806;P90vsP10
France (inc); 2007;0,22543;P90vsP10
France (inc); 2008;0,21907;P90vsP10
France (inc); 2009;0,21231;P90vsP10
France (inc); 2010;0,20885;P90vsP10
France (inc); 2011;0,21178;P90vsP10
France (inc); 2012;0,21375;P90vsP10
France (inc); 2013;0,22026;P90vsP10
France (inc); 2014;0,22278;P90vsP10
France (inc); 2015;0,21413;P90vsP10
Gabon (cons); 2005;0,14855;P90vsP10
Gabon (cons); 2017;0,15905;P90vsP10
Gambia (cons); 1998;0,09973;P90vsP10
Gambia (cons); 2010;0,1429;P90vsP10
Gambia (cons); 2015;0,20021;P90vsP10
Georgia (cons); 1996;0,16385;P90vsP10
Georgia (cons); 1997;0,12565;P90vsP10
Georgia (cons); 1998;0,12044;P90vsP10
Georgia (cons); 1999;0,13168;P90vsP10
Georgia (cons); 2000;0,1267;P90vsP10
Georgia (cons); 2001;0,13916;P90vsP10
Georgia (cons); 2002;0,16255;P90vsP10
Georgia (cons); 2003;0,16383;P90vsP10
Georgia (cons); 2004;0,16071;P90vsP10
Georgia (cons); 2005;0,15945;P90vsP10
Georgia (cons); 2006;0,16361;P90vsP10
Georgia (cons); 2007;0,15598;P90vsP10
Georgia (cons); 2008;0,15616;P90vsP10
Georgia (cons); 2009;0,15759;P90vsP10
Georgia (cons); 2010;0,14219;P90vsP10
Georgia (cons); 2011;0,13996;P90vsP10
Georgia (cons); 2012;0,15508;P90vsP10
Georgia (cons); 2013;0,16163;P90vsP10
Georgia (cons); 2014;0,17023;P90vsP10
Georgia (cons); 2015;0,18194;P90vsP10
Georgia (cons); 2016;0,17983;P90vsP10
Germany (inc); 1991;0,26501;P90vsP10
Germany (inc); 1994;0,24615;P90vsP10
Germany (inc); 2000;0,25772;P90vsP10
Germany (inc); 2001;0,24573;P90vsP10
Germany (inc); 2004;0,24023;P90vsP10
Germany (inc); 2006;0,23575;P90vsP10
Germany (inc); 2007;0,23569;P90vsP10
Germany (inc); 2010;0,24278;P90vsP10
Germany (inc); 2011;0,24382;P90vsP10
Germany (inc); 2013;0,23233;P90vsP10
Germany (inc); 2015;0,21837;P90vsP10
Ghana (cons); 1988;0,19424;P90vsP10
Ghana (cons); 1989;0,19435;P90vsP10
Ghana (cons); 1992;0,1745;P90vsP10
Ghana (cons); 1998;0,15307;P90vsP10
Ghana (cons); 2006;0,12849;P90vsP10
Ghana (cons); 2013;0,1364;P90vsP10
Greece (inc); 2003;0,20102;P90vsP10
Greece (inc); 2004;0,19067;P90vsP10
Greece (inc); 2005;0,18512;P90vsP10
Greece (inc); 2006;0,17657;P90vsP10
Greece (inc); 2007;0,18625;P90vsP10
Greece (inc); 2008;0,18912;P90vsP10
Greece (inc); 2009;0,18439;P90vsP10
Greece (inc); 2010;0,17669;P90vsP10
Greece (inc); 2011;0,15303;P90vsP10
Greece (inc); 2012;0,14378;P90vsP10
Greece (inc); 2013;0,14932;P90vsP10
Greece (inc); 2014;0,14703;P90vsP10
Greece (inc); 2015;0,14553;P90vsP10
Guatemala (inc); 1987;0,06703;P90vsP10
Guatemala (inc); 1989;0,04777;P90vsP10
Guatemala (inc); 2000;0,07863;P90vsP10
Guatemala (inc); 2006;0,07307;P90vsP10
Guatemala (inc); 2014;0,10899;P90vsP10
Guinea (cons); 1991;0,06754;P90vsP10
Guinea (cons); 1994;0,13319;P90vsP10
Guinea (cons); 2002;0,14824;P90vsP10
Guinea (cons); 2007;0,16512;P90vsP10
Guinea (cons); 2012;0,2098;P90vsP10
Guinea-Bissau (cons); 1993;0,14423;P90vsP10
Guinea-Bissau (cons); 2002;0,19803;P90vsP10
Guinea-Bissau (cons); 2010;0,10404;P90vsP10
Guyana (inc); 1998;0,10559;P90vsP10
Haiti (cons); 2012;0,14264;P90vsP10
Haiti (inc); 2001;0,04519;P90vsP10
Haiti (inc); 2012;0,03949;P90vsP10
Honduras (Urban) (inc); 1986;0,08115;P90vsP10
Honduras (inc); 1989;0,0692;P90vsP10
Honduras (inc); 1990;0,06842;P90vsP10
Honduras (inc); 1991;0,08334;P90vsP10
Honduras (inc); 1992;0,08822;P90vsP10
Honduras (inc); 1993;0,07901;P90vsP10
Honduras (inc); 1994;0,06712;P90vsP10
Honduras (inc); 1995;0,06997;P90vsP10
Honduras (inc); 1996;0,0635;P90vsP10
Honduras (inc); 1997;0,08189;P90vsP10
Honduras (inc); 1998;0,03723;P90vsP10
Honduras (inc); 1999;0,04029;P90vsP10
Honduras (inc); 2001;0,05804;P90vsP10
Honduras (inc); 2002;0,0571;P90vsP10
Honduras (inc); 2003;0,04984;P90vsP10
Honduras (inc); 2004;0,04926;P90vsP10
Honduras (inc); 2005;0,03835;P90vsP10
Honduras (inc); 2006;0,04312;P90vsP10
Honduras (inc); 2007;0,06367;P90vsP10
Honduras (inc); 2008;0,06005;P90vsP10
Honduras (inc); 2009;0,07703;P90vsP10
Honduras (inc); 2010;0,07308;P90vsP10
Honduras (inc); 2011;0,05794;P90vsP10
Honduras (inc); 2012;0,0604;P90vsP10
Honduras (inc); 2013;0,07247;P90vsP10
Honduras (inc); 2014;0,08607;P90vsP10
Honduras (inc); 2015;0,08688;P90vsP10
Honduras (inc); 2016;0,07197;P90vsP10
Hungary (cons); 1998;0,29291;P90vsP10
Hungary (cons); 1999;0,28155;P90vsP10
Hungary (cons); 2000;0,28506;P90vsP10
Hungary (cons); 2001;0,28356;P90vsP10
Hungary (cons); 2002;0,29179;P90vsP10
Hungary (cons); 2003;0,23568;P90vsP10
Hungary (cons); 2004;0,24747;P90vsP10
Hungary (cons); 2005;0,24539;P90vsP10
Hungary (cons); 2006;0,25713;P90vsP10
Hungary (cons); 2007;0,23515;P90vsP10
Hungary (inc); 1987;0,37767;P90vsP10
Hungary (inc); 1989;0,33076;P90vsP10
Hungary (inc); 1993;0,28212;P90vsP10
Hungary (inc); 2004;0,23879;P90vsP10
Hungary (inc); 2005;0,18098;P90vsP10
Hungary (inc); 2006;0,25277;P90vsP10
Hungary (inc); 2007;0,26073;P90vsP10
Hungary (inc); 2008;0,26493;P90vsP10
Hungary (inc); 2009;0,27095;P90vsP10
Hungary (inc); 2010;0,23779;P90vsP10
Hungary (inc); 2011;0,23257;P90vsP10
Hungary (inc); 2012;0,21466;P90vsP10
Hungary (inc); 2013;0,21094;P90vsP10
Hungary (inc); 2014;0,21333;P90vsP10
Hungary (inc); 2015;0,22194;P90vsP10
Iceland (inc); 2003;0,27473;P90vsP10
Iceland (inc); 2004;0,26878;P90vsP10
Iceland (inc); 2005;0,25983;P90vsP10
Iceland (inc); 2006;0,24528;P90vsP10
Iceland (inc); 2007;0,25751;P90vsP10
Iceland (inc); 2008;0,23783;P90vsP10
Iceland (inc); 2009;0,25905;P90vsP10
Iceland (inc); 2010;0,28337;P90vsP10
Iceland (inc); 2011;0,27342;P90vsP10
Iceland (inc); 2012;0,27821;P90vsP10
Iceland (inc); 2013;0,30422;P90vsP10
Iceland (inc); 2014;0,27199;P90vsP10
India (Rural) (cons); 1983;0,26226;P90vsP10
India (Rural) (cons); 1988;0,2657;P90vsP10
India (Rural) (cons); 1994;0,28181;P90vsP10
India (Rural) (cons); 2005;0,26779;P90vsP10
India (Rural) (cons); 2010;0,26993;P90vsP10
India (Rural) (cons); 2012;0,25969;P90vsP10
India (Urban) (cons); 1983;0,23808;P90vsP10
India (Urban) (cons); 1988;0,22198;P90vsP10
India (Urban) (cons); 1994;0,2237;P90vsP10
India (Urban) (cons); 2005;0,19886;P90vsP10
India (Urban) (cons); 2010;0,18663;P90vsP10
India (Urban) (cons); 2012;0,18805;P90vsP10
India (cons); 2012;0,22617;P90vsP10
Indonesia (Rural) (cons); 1984;0,26974;P90vsP10
Indonesia (Rural) (cons); 1987;0,2952;P90vsP10
Indonesia (Rural) (cons); 1990;0,31224;P90vsP10
Indonesia (Rural) (cons); 1993;0,31375;P90vsP10
Indonesia (Rural) (cons); 1996;0,29432;P90vsP10
Indonesia (Rural) (cons); 1998;0,30844;P90vsP10
Indonesia (Rural) (cons); 1999;0,32419;P90vsP10
Indonesia (Rural) (cons); 2000;0,33535;P90vsP10
Indonesia (Rural) (cons); 2001;0,34075;P90vsP10
Indonesia (Rural) (cons); 2002;0,32565;P90vsP10
Indonesia (Rural) (cons); 2003;0,32615;P90vsP10
Indonesia (Rural) (cons); 2004;0,30729;P90vsP10
Indonesia (Rural) (cons); 2005;0,28864;P90vsP10
Indonesia (Rural) (cons); 2006;0,26972;P90vsP10
Indonesia (Rural) (cons); 2007;0,26966;P90vsP10
Indonesia (Rural) (cons); 2008;0,27001;P90vsP10
Indonesia (Rural) (cons); 2009;0,27489;P90vsP10
Indonesia (Rural) (cons); 2010;0,2581;P90vsP10
Indonesia (Rural) (cons); 2011;0,23659;P90vsP10
Indonesia (Rural) (cons); 2012;0,24889;P90vsP10
Indonesia (Rural) (cons); 2013;0,25623;P90vsP10
Indonesia (Rural) (cons); 2014;0,25475;P90vsP10
Indonesia (Rural) (cons); 2015;0,23473;P90vsP10
Indonesia (Rural) (cons); 2016;0,23682;P90vsP10
Indonesia (Rural) (cons); 2017;0,23982;P90vsP10
Indonesia (Urban) (cons); 1984;0,22671;P90vsP10
Indonesia (Urban) (cons); 1987;0,23766;P90vsP10
Indonesia (Urban) (cons); 1990;0,22739;P90vsP10
Indonesia (Urban) (cons); 1993;0,21757;P90vsP10
Indonesia (Urban) (cons); 1996;0,19917;P90vsP10
Indonesia (Urban) (cons); 1998;0,22656;P90vsP10
Indonesia (Urban) (cons); 1999;0,22241;P90vsP10
Indonesia (Urban) (cons); 2000;0,25074;P90vsP10
Indonesia (Urban) (cons); 2001;0,25158;P90vsP10
Indonesia (Urban) (cons); 2002;0,23683;P90vsP10
Indonesia (Urban) (cons); 2003;0,22954;P90vsP10
Indonesia (Urban) (cons); 2004;0,22516;P90vsP10
Indonesia (Urban) (cons); 2005;0,22555;P90vsP10
Indonesia (Urban) (cons); 2006;0,21143;P90vsP10
Indonesia (Urban) (cons); 2007;0,20073;P90vsP10
Indonesia (Urban) (cons); 2008;0,20413;P90vsP10
Indonesia (Urban) (cons); 2009;0,2009;P90vsP10
Indonesia (Urban) (cons); 2010;0,19396;P90vsP10
Indonesia (Urban) (cons); 2011;0,17098;P90vsP10
Indonesia (Urban) (cons); 2012;0,17011;P90vsP10
Indonesia (Urban) (cons); 2013;0,16823;P90vsP10
Indonesia (Urban) (cons); 2014;0,16954;P90vsP10
Indonesia (Urban) (cons); 2015;0,16397;P90vsP10
Indonesia (Urban) (cons); 2016;0,16908;P90vsP10
Indonesia (Urban) (cons); 2017;0,16852;P90vsP10
Indonesia (cons); 2013;0,19786;P90vsP10
Iran (cons); 1986;0,11794;P90vsP10
Iran (cons); 1990;0,13618;P90vsP10
Iran (cons); 1994;0,14609;P90vsP10
Iran (cons); 1998;0,13647;P90vsP10
Iran (cons); 2005;0,13433;P90vsP10
Iran (cons); 2006;0,12936;P90vsP10
Iran (cons); 2009;0,13442;P90vsP10
Iran (cons); 2013;0,18279;P90vsP10
Iran (cons); 2014;0,16406;P90vsP10
Iraq (cons); 2007;0,27679;P90vsP10
Iraq (cons); 2012;0,26071;P90vsP10
Ireland (inc); 2003;0,21429;P90vsP10
Ireland (inc); 2004;0,20787;P90vsP10
Ireland (inc); 2005;0,21452;P90vsP10
Ireland (inc); 2006;0,21845;P90vsP10
Ireland (inc); 2007;0,22995;P90vsP10
Ireland (inc); 2008;0,23214;P90vsP10
Ireland (inc); 2009;0,20939;P90vsP10
Ireland (inc); 2010;0,20632;P90vsP10
Ireland (inc); 2011;0,20079;P90vsP10
Ireland (inc); 2012;0,20842;P90vsP10
Ireland (inc); 2013;0,19906;P90vsP10
Ireland (inc); 2014;0,22236;P90vsP10
Ireland (inc); 2015;0,22118;P90vsP10
Israel (inc); 1986;0,18082;P90vsP10
Israel (inc); 1992;0,19474;P90vsP10
Israel (inc); 1997;0,16848;P90vsP10
Israel (inc); 2001;0,16295;P90vsP10
Israel (inc); 2005;0,12626;P90vsP10
Israel (inc); 2007;0,13026;P90vsP10
Israel (inc); 2010;0,12231;P90vsP10
Israel (inc); 2012;0,12017;P90vsP10
Italy (inc); 2003;0,16711;P90vsP10
Italy (inc); 2004;0,17497;P90vsP10
Italy (inc); 2005;0,1748;P90vsP10
Italy (inc); 2006;0,18103;P90vsP10
Italy (inc); 2007;0,18613;P90vsP10
Italy (inc); 2008;0,17652;P90vsP10
Italy (inc); 2009;0,17125;P90vsP10
Italy (inc); 2010;0,15328;P90vsP10
Italy (inc); 2011;0,15572;P90vsP10
Italy (inc); 2012;0,15005;P90vsP10
Italy (inc); 2013;0,14828;P90vsP10
Italy (inc); 2014;0,15012;P90vsP10
Italy (inc); 2015;0,13462;P90vsP10
Jamaica (cons); 1988;0,14049;P90vsP10
Jamaica (cons); 1990;0,16168;P90vsP10
Jamaica (cons); 1993;0,18829;P90vsP10
Jamaica (cons); 1996;0,16259;P90vsP10
Jamaica (cons); 1999;0,13344;P90vsP10
Jamaica (cons); 2002;0,11736;P90vsP10
Jamaica (cons); 2004;0,13301;P90vsP10
Japan (inc); 2008;0,19663;P90vsP10
Jordan (cons); 1987;0,20952;P90vsP10
Jordan (cons); 1992;0,1599;P90vsP10
Jordan (cons); 1997;0,21065;P90vsP10
Jordan (cons); 2003;0,19608;P90vsP10
Jordan (cons); 2006;0,22235;P90vsP10
Jordan (cons); 2008;0,23942;P90vsP10
Jordan (cons); 2010;0,22906;P90vsP10
Kazakhstan (cons); 1996;0,18874;P90vsP10
Kazakhstan (cons); 2001;0,18383;P90vsP10
Kazakhstan (cons); 2002;0,20293;P90vsP10
Kazakhstan (cons); 2003;0,21327;P90vsP10
Kazakhstan (cons); 2004;0,23608;P90vsP10
Kazakhstan (cons); 2005;0,15848;P90vsP10
Kazakhstan (cons); 2006;0,25497;P90vsP10
Kazakhstan (cons); 2007;0,26054;P90vsP10
Kazakhstan (cons); 2008;0,28059;P90vsP10
Kazakhstan (cons); 2009;0,28058;P90vsP10
Kazakhstan (cons); 2010;0,28607;P90vsP10
Kazakhstan (cons); 2011;0,28925;P90vsP10
Kazakhstan (cons); 2012;0,28965;P90vsP10
Kazakhstan (cons); 2013;0,30228;P90vsP10
Kazakhstan (cons); 2014;0,30224;P90vsP10
Kazakhstan (cons); 2015;0,30554;P90vsP10
Kazakhstan (inc); 1993;0,21852;P90vsP10
Kenya (cons); 1992;0,08067;P90vsP10
Kenya (cons); 1994;0,1257;P90vsP10
Kenya (cons); 1997;0,14371;P90vsP10
Kenya (cons); 2005;0,11798;P90vsP10
Kenya (cons); 2016;0,1594;P90vsP10
Kiribati (cons); 2006;0,17288;P90vsP10
Kosovo (cons); 2003;0,27251;P90vsP10
Kosovo (cons); 2005;0,23762;P90vsP10
Kosovo (cons); 2006;0,24947;P90vsP10
Kosovo (cons); 2009;0,22834;P90vsP10
Kosovo (cons); 2010;0,22429;P90vsP10
Kosovo (cons); 2011;0,27165;P90vsP10
Kosovo (cons); 2012;0,25915;P90vsP10
Kosovo (cons); 2013;0,29612;P90vsP10
Kosovo (cons); 2014;0,27376;P90vsP10
Kosovo (cons); 2015;0,29306;P90vsP10
Kosovo (cons); 2016;0,28399;P90vsP10
Kyrgyzstan (cons); 1998;0,10017;P90vsP10
Kyrgyzstan (cons); 2000;0,25248;P90vsP10
Kyrgyzstan (cons); 2001;0,26064;P90vsP10
Kyrgyzstan (cons); 2002;0,25503;P90vsP10
Kyrgyzstan (cons); 2003;0,27705;P90vsP10
Kyrgyzstan (cons); 2004;0,21637;P90vsP10
Kyrgyzstan (cons); 2005;0,23919;P90vsP10
Kyrgyzstan (cons); 2006;0,20019;P90vsP10
Kyrgyzstan (cons); 2007;0,21526;P90vsP10
Kyrgyzstan (cons); 2008;0,24051;P90vsP10
Kyrgyzstan (cons); 2009;0,26811;P90vsP10
Kyrgyzstan (cons); 2010;0,24453;P90vsP10
Kyrgyzstan (cons); 2011;0,29124;P90vsP10
Kyrgyzstan (cons); 2012;0,28346;P90vsP10
Kyrgyzstan (cons); 2013;0,27699;P90vsP10
Kyrgyzstan (cons); 2014;0,3057;P90vsP10
Kyrgyzstan (cons); 2015;0,27591;P90vsP10
Kyrgyzstan (cons); 2016;0,30501;P90vsP10
Laos (cons); 1992;0,2282;P90vsP10
Laos (cons); 1997;0,21791;P90vsP10
Laos (cons); 2002;0,24218;P90vsP10
Laos (cons); 2007;0,2147;P90vsP10
Laos (cons); 2012;0,20503;P90vsP10
Latvia (cons); 1997;0,20192;P90vsP10
Latvia (cons); 1998;0,20192;P90vsP10
Latvia (cons); 2002;0,19146;P90vsP10
Latvia (cons); 2003;0,18027;P90vsP10
Latvia (cons); 2004;0,19032;P90vsP10
Latvia (cons); 2007;0,18437;P90vsP10
Latvia (cons); 2008;0,18645;P90vsP10
Latvia (cons); 2009;0,19245;P90vsP10
Latvia (inc); 1993;0,30512;P90vsP10
Latvia (inc); 1995;0,22425;P90vsP10
Latvia (inc); 1996;0,2065;P90vsP10
Latvia (inc); 2004;0,15349;P90vsP10
Latvia (inc); 2005;0,13924;P90vsP10
Latvia (inc); 2006;0,17036;P90vsP10
Latvia (inc); 2007;0,16411;P90vsP10
Latvia (inc); 2008;0,15197;P90vsP10
Latvia (inc); 2009;0,1444;P90vsP10
Latvia (inc); 2010;0,15372;P90vsP10
Latvia (inc); 2011;0,16211;P90vsP10
Latvia (inc); 2012;0,16743;P90vsP10
Latvia (inc); 2013;0,16366;P90vsP10
Latvia (inc); 2014;0,16418;P90vsP10
Latvia (inc); 2015;0,18031;P90vsP10
Lebanon (cons); 2012;0,22043;P90vsP10
Lesotho (cons); 1987;0,07005;P90vsP10
Lesotho (cons); 1994;0,03367;P90vsP10
Lesotho (cons); 2003;0,06678;P90vsP10
Lesotho (cons); 2010;0,06256;P90vsP10
Liberia (cons); 2007;0,1652;P90vsP10
Liberia (cons); 2014;0,21891;P90vsP10
Lithuania (cons); 1996;0,22142;P90vsP10
Lithuania (cons); 1998;0,22205;P90vsP10
Lithuania (cons); 1999;0,22002;P90vsP10
Lithuania (cons); 2000;0,225;P90vsP10
Lithuania (cons); 2001;0,22059;P90vsP10
Lithuania (cons); 2002;0,22294;P90vsP10
Lithuania (cons); 2003;0,19846;P90vsP10
Lithuania (cons); 2004;0,19464;P90vsP10
Lithuania (cons); 2008;0,18222;P90vsP10
Lithuania (inc); 1993;0,22576;P90vsP10
Lithuania (inc); 2004;0,14302;P90vsP10
Lithuania (inc); 2005;0,15777;P90vsP10
Lithuania (inc); 2006;0,1686;P90vsP10
Lithuania (inc); 2007;0,16982;P90vsP10
Lithuania (inc); 2008;0,1612;P90vsP10
Lithuania (inc); 2009;0,13496;P90vsP10
Lithuania (inc); 2010;0,16985;P90vsP10
Lithuania (inc); 2011;0,19386;P90vsP10
Lithuania (inc); 2012;0,1696;P90vsP10
Lithuania (inc); 2013;0,17411;P90vsP10
Lithuania (inc); 2014;0,14652;P90vsP10
Lithuania (inc); 2015;0,15082;P90vsP10
Luxembourg (inc); 2003;0,23872;P90vsP10
Luxembourg (inc); 2004;0,24095;P90vsP10
Luxembourg (inc); 2005;0,2333;P90vsP10
Luxembourg (inc); 2006;0,23757;P90vsP10
Luxembourg (inc); 2007;0,23497;P90vsP10
Luxembourg (inc); 2008;0,22019;P90vsP10
Luxembourg (inc); 2009;0,23719;P90vsP10
Luxembourg (inc); 2010;0,24138;P90vsP10
Luxembourg (inc); 2011;0,22937;P90vsP10
Luxembourg (inc); 2012;0,20835;P90vsP10
Luxembourg (inc); 2013;0,22324;P90vsP10
Luxembourg (inc); 2014;0,22846;P90vsP10
Luxembourg (inc); 2015;0,19894;P90vsP10
Macedonia (cons); 1998;0,2516;P90vsP10
Macedonia (cons); 2000;0,18787;P90vsP10
Macedonia (cons); 2002;0,16375;P90vsP10
Macedonia (cons); 2003;0,16401;P90vsP10
Macedonia (cons); 2004;0,16385;P90vsP10
Macedonia (cons); 2005;0,15476;P90vsP10
Macedonia (cons); 2006;0,12988;P90vsP10
Macedonia (cons); 2008;0,12611;P90vsP10
Macedonia (inc); 2009;0,08629;P90vsP10
Macedonia (inc); 2010;0,06691;P90vsP10
Macedonia (inc); 2011;0,0769;P90vsP10
Macedonia (inc); 2012;0,10529;P90vsP10
Macedonia (inc); 2013;0,12311;P90vsP10
Macedonia (inc); 2014;0,13217;P90vsP10
Madagascar (cons); 1993;0,12873;P90vsP10
Madagascar (cons); 1997;0,15805;P90vsP10
Madagascar (cons); 1999;0,16982;P90vsP10
Madagascar (cons); 2001;0,12317;P90vsP10
Madagascar (cons); 2005;0,17278;P90vsP10
Madagascar (cons); 2010;0,15414;P90vsP10
Madagascar (cons); 2012;0,14188;P90vsP10
Malawi (cons); 1998;0,10189;P90vsP10
Malawi (cons); 2004;0,18252;P90vsP10
Malawi (cons); 2010;0,13972;P90vsP10
Malaysia (inc); 1984;0,1175;P90vsP10
Malaysia (inc); 1987;0,12777;P90vsP10
Malaysia (inc); 1989;0,13491;P90vsP10
Malaysia (inc); 1992;0,1222;P90vsP10
Malaysia (inc); 1995;0,11639;P90vsP10
Malaysia (inc); 1997;0,11258;P90vsP10
Malaysia (inc); 2004;0,11935;P90vsP10
Malaysia (inc); 2007;0,11935;P90vsP10
Malaysia (inc); 2008;0,12288;P90vsP10
Malaysia (inc); 2011;0,13452;P90vsP10
Malaysia (inc); 2013;0,1522;P90vsP10
Malaysia (inc); 2015;0,15276;P90vsP10
Maldives (cons); 2003;0,16752;P90vsP10
Maldives (cons); 2010;0,16937;P90vsP10
Mali (cons); 1994;0,11157;P90vsP10
Mali (cons); 2001;0,16793;P90vsP10
Mali (cons); 2006;0,16861;P90vsP10
Mali (cons); 2010;0,22957;P90vsP10
Malta (inc); 2006;0,25582;P90vsP10
Malta (inc); 2007;0,23989;P90vsP10
Malta (inc); 2008;0,25792;P90vsP10
Malta (inc); 2009;0,23527;P90vsP10
Malta (inc); 2010;0,25028;P90vsP10
Malta (inc); 2011;0,25051;P90vsP10
Malta (inc); 2012;0,24422;P90vsP10
Malta (inc); 2013;0,25309;P90vsP10
Malta (inc); 2014;0,25103;P90vsP10
Malta (inc); 2015;0,24856;P90vsP10
Mauritania (cons); 1987;0,10107;P90vsP10
Mauritania (cons); 1993;0,12618;P90vsP10
Mauritania (cons); 1996;0,16408;P90vsP10
Mauritania (cons); 2000;0,16647;P90vsP10
Mauritania (cons); 2004;0,16808;P90vsP10
Mauritania (cons); 2008;0,18673;P90vsP10
Mauritania (cons); 2014;0,21321;P90vsP10
Mauritius (cons); 2007;0,20454;P90vsP10
Mauritius (cons); 2012;0,19758;P90vsP10
Mexico (cons); 1984;0,10026;P90vsP10
Mexico (cons); 1992;0,10021;P90vsP10
Mexico (cons); 1994;0,10373;P90vsP10
Mexico (cons); 1996;0,1064;P90vsP10
Mexico (cons); 1998;0,09799;P90vsP10
Mexico (cons); 2000;0,09181;P90vsP10
Mexico (cons); 2002;0,10772;P90vsP10
Mexico (cons); 2004;0,10869;P90vsP10
Mexico (cons); 2005;0,10499;P90vsP10
Mexico (cons); 2006;0,11626;P90vsP10
Mexico (cons); 2008;0,12828;P90vsP10
Mexico (cons); 2010;0,12475;P90vsP10
Mexico (cons); 2012;0,12936;P90vsP10
Mexico (cons); 2014;0,13014;P90vsP10
Mexico (cons); 2016;0,14315;P90vsP10
Mexico (inc); 1989;0,08273;P90vsP10
Mexico (inc); 1992;0,08122;P90vsP10
Mexico (inc); 1994;0,07478;P90vsP10
Mexico (inc); 1996;0,05762;P90vsP10
Mexico (inc); 1998;0,07004;P90vsP10
Mexico (inc); 2000;0,08507;P90vsP10
Mexico (inc); 2002;0,09827;P90vsP10
Mexico (inc); 2004;0,09601;P90vsP10
Mexico (inc); 2005;0,09149;P90vsP10
Mexico (inc); 2006;0,10608;P90vsP10
Mexico (inc); 2008;0,09407;P90vsP10
Mexico (inc); 2010;0,10764;P90vsP10
Mexico (inc); 2012;0,10666;P90vsP10
Mexico (inc); 2014;0,11166;P90vsP10
Mexico (inc); 2016;0,11676;P90vsP10
Micronesia (country) (cons); 2005;0,14586;P90vsP10
Micronesia (country) (cons); 2013;0,13208;P90vsP10
Micronesia (country) (inc); 2000;0,02904;P90vsP10
Moldova (cons); 1997;0,1698;P90vsP10
Moldova (cons); 1998;0,15183;P90vsP10
Moldova (cons); 1999;0,14974;P90vsP10
Moldova (cons); 2000;0,18602;P90vsP10
Moldova (cons); 2001;0,17656;P90vsP10
Moldova (cons); 2002;0,19471;P90vsP10
Moldova (cons); 2003;0,21103;P90vsP10
Moldova (cons); 2004;0,20272;P90vsP10
Moldova (cons); 2005;0,19483;P90vsP10
Moldova (cons); 2006;0,19354;P90vsP10
Moldova (cons); 2007;0,20434;P90vsP10
Moldova (cons); 2008;0,20077;P90vsP10
Moldova (cons); 2009;0,21809;P90vsP10
Moldova (cons); 2010;0,23077;P90vsP10
Moldova (cons); 2011;0,24574;P90vsP10
Moldova (cons); 2012;0,26589;P90vsP10
Moldova (cons); 2013;0,27503;P90vsP10
Moldova (cons); 2014;0,3021;P90vsP10
Moldova (cons); 2015;0,29517;P90vsP10
Moldova (cons); 2016;0,30378;P90vsP10
Mongolia (cons); 1995;0,21779;P90vsP10
Mongolia (cons); 1998;0,22692;P90vsP10
Mongolia (cons); 2002;0,21522;P90vsP10
Mongolia (cons); 2008;0,20414;P90vsP10
Mongolia (cons); 2010;0,22363;P90vsP10
Mongolia (cons); 2011;0,22092;P90vsP10
Mongolia (cons); 2012;0,21763;P90vsP10
Mongolia (cons); 2014;0,22938;P90vsP10
Mongolia (cons); 2016;0,22987;P90vsP10
Montenegro (cons); 2005;0,24855;P90vsP10
Montenegro (cons); 2006;0,25077;P90vsP10
Montenegro (cons); 2007;0,23019;P90vsP10
Montenegro (cons); 2008;0,24385;P90vsP10
Montenegro (cons); 2009;0,22937;P90vsP10
Montenegro (cons); 2010;0,26336;P90vsP10
Montenegro (cons); 2011;0,23618;P90vsP10
Montenegro (cons); 2012;0,21473;P90vsP10
Montenegro (cons); 2013;0,21513;P90vsP10
Montenegro (cons); 2014;0,24234;P90vsP10
Morocco (cons); 1985;0,17253;P90vsP10
Morocco (cons); 1991;0,184;P90vsP10
Morocco (cons); 1999;0,17982;P90vsP10
Morocco (cons); 2001;0,17025;P90vsP10
Morocco (cons); 2007;0,16872;P90vsP10
Morocco (cons); 2014;0,17454;P90vsP10
Mozambique (cons); 1996;0,09776;P90vsP10
Mozambique (cons); 2003;0,13066;P90vsP10
Mozambique (cons); 2009;0,12518;P90vsP10
Mozambique (cons); 2014;0,09991;P90vsP10
Myanmar (cons); 2015;0,18833;P90vsP10
Namibia (cons); 2004;0,07599;P90vsP10
Namibia (cons); 2010;0,08232;P90vsP10
Namibia (cons); 2015;0,06463;P90vsP10
Nepal (cons); 1996;0,21241;P90vsP10
Nepal (cons); 2003;0,16576;P90vsP10
Nepal (cons); 2010;0,2363;P90vsP10
Nepal (inc); 1985;0,27411;P90vsP10
Netherlands (inc); 2004;0,23559;P90vsP10
Netherlands (inc); 2005;0,2506;P90vsP10
Netherlands (inc); 2006;0,24484;P90vsP10
Netherlands (inc); 2007;0,2488;P90vsP10
Netherlands (inc); 2008;0,2446;P90vsP10
Netherlands (inc); 2009;0,2657;P90vsP10
Netherlands (inc); 2010;0,26483;P90vsP10
Netherlands (inc); 2011;0,26619;P90vsP10
Netherlands (inc); 2012;0,26797;P90vsP10
Netherlands (inc); 2013;0,25915;P90vsP10
Netherlands (inc); 2014;0,254;P90vsP10
Netherlands (inc); 2015;0,25566;P90vsP10
Nicaragua (cons); 1993;0,10321;P90vsP10
Nicaragua (cons); 1998;0,13319;P90vsP10
Nicaragua (cons); 2001;0,14207;P90vsP10
Nicaragua (cons); 2005;0,16633;P90vsP10
Nicaragua (inc); 1993;0,03598;P90vsP10
Nicaragua (inc); 1998;0,06357;P90vsP10
Nicaragua (inc); 2001;0,09034;P90vsP10
Nicaragua (inc); 2005;0,11759;P90vsP10
Nicaragua (inc); 2009;0,13127;P90vsP10
Nicaragua (inc); 2014;0,12692;P90vsP10
Niger (cons); 1993;0,19741;P90vsP10
Niger (cons); 1994;0,1548;P90vsP10
Niger (cons); 2005;0,14477;P90vsP10
Niger (cons); 2007;0,20345;P90vsP10
Niger (cons); 2011;0,25268;P90vsP10
Niger (cons); 2014;0,21699;P90vsP10
Nigeria (cons); 1985;0,17124;P90vsP10
Nigeria (cons); 1992;0,09565;P90vsP10
Nigeria (cons); 1996;0,08568;P90vsP10
Nigeria (cons); 2004;0,14606;P90vsP10
Nigeria (cons); 2010;0,13644;P90vsP10
Norway (inc); 2003;0,27117;P90vsP10
Norway (inc); 2004;0,23209;P90vsP10
Norway (inc); 2005;0,23796;P90vsP10
Norway (inc); 2006;0,26706;P90vsP10
Norway (inc); 2007;0,26943;P90vsP10
Norway (inc); 2008;0,2655;P90vsP10
Norway (inc); 2009;0,27734;P90vsP10
Norway (inc); 2010;0,28443;P90vsP10
Norway (inc); 2011;0,29424;P90vsP10
Norway (inc); 2012;0,28483;P90vsP10
Norway (inc); 2013;0,27583;P90vsP10
Norway (inc); 2014;0,26627;P90vsP10
Norway (inc); 2015;0,25737;P90vsP10
Pakistan (cons); 1987;0,23005;P90vsP10
Pakistan (cons); 1991;0,22631;P90vsP10
Pakistan (cons); 1997;0,29016;P90vsP10
Pakistan (cons); 1999;0,23936;P90vsP10
Pakistan (cons); 2002;0,26776;P90vsP10
Pakistan (cons); 2005;0,24669;P90vsP10
Pakistan (cons); 2006;0,2516;P90vsP10
Pakistan (cons); 2008;0,26037;P90vsP10
Pakistan (cons); 2011;0,27728;P90vsP10
Pakistan (cons); 2012;0,26699;P90vsP10
Pakistan (cons); 2014;0,26593;P90vsP10
Pakistan (cons); 2016;0,2465;P90vsP10
Palestine (cons); 2004;0,20782;P90vsP10
Palestine (cons); 2005;0,20288;P90vsP10
Palestine (cons); 2006;0,21644;P90vsP10
Palestine (cons); 2007;0,19104;P90vsP10
Palestine (cons); 2009;0,21508;P90vsP10
Palestine (cons); 2010;0,20569;P90vsP10
Palestine (cons); 2011;0,21296;P90vsP10
Palestine (cons); 2017;0,20735;P90vsP10
Panama (inc); 1989;0,00193;P90vsP10
Panama (inc); 1991;0,01015;P90vsP10
Panama (inc); 1995;0,01089;P90vsP10
Panama (inc); 1997;0,02109;P90vsP10
Panama (inc); 1998;0,01757;P90vsP10
Panama (inc); 1999;0,02265;P90vsP10
Panama (inc); 2000;0,03544;P90vsP10
Panama (inc); 2001;0,0342;P90vsP10
Panama (inc); 2002;0,05331;P90vsP10
Panama (inc); 2003;0,05165;P90vsP10
Panama (inc); 2004;0,05627;P90vsP10
Panama (inc); 2005;0,05911;P90vsP10
Panama (inc); 2006;0,05195;P90vsP10
Panama (inc); 2007;0,06661;P90vsP10
Panama (inc); 2008;0,0643;P90vsP10
Panama (inc); 2009;0,08305;P90vsP10
Panama (inc); 2010;0,07388;P90vsP10
Panama (inc); 2011;0,07689;P90vsP10
Panama (inc); 2012;0,06788;P90vsP10
Panama (inc); 2013;0,07634;P90vsP10
Panama (inc); 2014;0,0721;P90vsP10
Panama (inc); 2015;0,07726;P90vsP10
Panama (inc); 2016;0,07496;P90vsP10
Papua New Guinea (cons); 1996;0,03459;P90vsP10
Papua New Guinea (cons); 2010;0,12961;P90vsP10
Paraguay (inc); 1990;0,14819;P90vsP10
Paraguay (inc); 1995;0,04969;P90vsP10
Paraguay (inc); 1997;0,05252;P90vsP10
Paraguay (inc); 1999;0,06093;P90vsP10
Paraguay (inc); 2001;0,06665;P90vsP10
Paraguay (inc); 2002;0,06416;P90vsP10
Paraguay (inc); 2003;0,07686;P90vsP10
Paraguay (inc); 2004;0,09353;P90vsP10
Paraguay (inc); 2005;0,08757;P90vsP10
Paraguay (inc); 2006;0,08319;P90vsP10
Paraguay (inc); 2007;0,07911;P90vsP10
Paraguay (inc); 2008;0,09795;P90vsP10
Paraguay (inc); 2009;0,09428;P90vsP10
Paraguay (inc); 2010;0,08523;P90vsP10
Paraguay (inc); 2011;0,07962;P90vsP10
Paraguay (inc); 2012;0,0987;P90vsP10
Paraguay (inc); 2013;0,10517;P90vsP10
Paraguay (inc); 2014;0,09421;P90vsP10
Paraguay (inc); 2015;0,10455;P90vsP10
Paraguay (inc); 2016;0,1074;P90vsP10
Peru (cons); 1986;0,11874;P90vsP10
Peru (cons); 1994;0,12366;P90vsP10
Peru (inc); 1997;0,06489;P90vsP10
Peru (inc); 1998;0,05972;P90vsP10
Peru (inc); 1999;0,05904;P90vsP10
Peru (inc); 2000;0,08087;P90vsP10
Peru (inc); 2001;0,07767;P90vsP10
Peru (inc); 2002;0,07164;P90vsP10
Peru (inc); 2003;0,08425;P90vsP10
Peru (inc); 2004;0,08649;P90vsP10
Peru (inc); 2005;0,08325;P90vsP10
Peru (inc); 2006;0,08064;P90vsP10
Peru (inc); 2007;0,08014;P90vsP10
Peru (inc); 2008;0,08909;P90vsP10
Peru (inc); 2009;0,09526;P90vsP10
Peru (inc); 2010;0,10347;P90vsP10
Peru (inc); 2011;0,10489;P90vsP10
Peru (inc); 2012;0,10281;P90vsP10
Peru (inc); 2013;0,10828;P90vsP10
Peru (inc); 2014;0,11269;P90vsP10
Peru (inc); 2015;0,11266;P90vsP10
Peru (inc); 2016;0,11154;P90vsP10
Philippines (cons); 1985;0,17645;P90vsP10
Philippines (cons); 1988;0,17272;P90vsP10
Philippines (cons); 1991;0,16093;P90vsP10
Philippines (cons); 1994;0,16345;P90vsP10
Philippines (cons); 1997;0,14206;P90vsP10
Philippines (cons); 2000;0,16416;P90vsP10
Philippines (cons); 2003;0,16676;P90vsP10
Philippines (cons); 2006;0,15998;P90vsP10
Philippines (cons); 2009;0,16794;P90vsP10
Philippines (cons); 2012;0,16419;P90vsP10
Philippines (cons); 2015;0,17751;P90vsP10
Philippines (inc); 2000;0,13179;P90vsP10
Philippines (inc); 2003;0,13253;P90vsP10
Philippines (inc); 2006;0,1309;P90vsP10
Philippines (inc); 2009;0,13726;P90vsP10
Philippines (inc); 2012;0,13507;P90vsP10
Philippines (inc); 2015;0,14794;P90vsP10
Poland (cons); 1993;0,29537;P90vsP10
Poland (cons); 1996;0,23323;P90vsP10
Poland (cons); 1998;0,232;P90vsP10
Poland (cons); 1999;0,22947;P90vsP10
Poland (cons); 2000;0,22263;P90vsP10
Poland (cons); 2001;0,22241;P90vsP10
Poland (cons); 2002;0,21309;P90vsP10
Poland (cons); 2003;0,20471;P90vsP10
Poland (cons); 2004;0,19656;P90vsP10
Poland (cons); 2005;0,20981;P90vsP10
Poland (cons); 2006;0,21744;P90vsP10
Poland (cons); 2007;0,21935;P90vsP10
Poland (cons); 2008;0,21823;P90vsP10
Poland (cons); 2009;0,22106;P90vsP10
Poland (cons); 2010;0,2222;P90vsP10
Poland (cons); 2011;0,22477;P90vsP10
Poland (cons); 2012;0,22921;P90vsP10
Poland (cons); 2013;0,22701;P90vsP10
Poland (cons); 2014;0,23074;P90vsP10
Poland (cons); 2015;0,23424;P90vsP10
Poland (cons); 2016;0,24853;P90vsP10
Poland (inc); 1985;0,30751;P90vsP10
Poland (inc); 1987;0,30424;P90vsP10
Poland (inc); 1989;0,2852;P90vsP10
Poland (inc); 2004;0,14034;P90vsP10
Poland (inc); 2005;0,17036;P90vsP10
Poland (inc); 2006;0,18303;P90vsP10
Poland (inc); 2007;0,19393;P90vsP10
Poland (inc); 2008;0,19846;P90vsP10
Poland (inc); 2009;0,19891;P90vsP10
Poland (inc); 2010;0,19903;P90vsP10
Poland (inc); 2011;0,19888;P90vsP10
Poland (inc); 2012;0,19979;P90vsP10
Senegal (cons); 2001;0,17228;P90vsP10
Poland (inc); 2013;0,19773;P90vsP10
Poland (inc); 2014;0,19744;P90vsP10
Poland (inc); 2015;0,20509;P90vsP10
Portugal (inc); 2003;0,15405;P90vsP10
Portugal (inc); 2004;0,15891;P90vsP10
Portugal (inc); 2005;0,16398;P90vsP10
Portugal (inc); 2006;0,17075;P90vsP10
Portugal (inc); 2007;0,18041;P90vsP10
Portugal (inc); 2008;0,17611;P90vsP10
Portugal (inc); 2009;0,18882;P90vsP10
Portugal (inc); 2010;0,18209;P90vsP10
Portugal (inc); 2011;0,1706;P90vsP10
Portugal (inc); 2012;0,15785;P90vsP10
Portugal (inc); 2013;0,15436;P90vsP10
Portugal (inc); 2014;0,16191;P90vsP10
Portugal (inc); 2015;0,16989;P90vsP10
Romania (cons); 1998;0,23105;P90vsP10
Romania (cons); 1999;0,2494;P90vsP10
Romania (cons); 2000;0,24966;P90vsP10
Romania (cons); 2001;0,2476;P90vsP10
Romania (cons); 2002;0,23638;P90vsP10
Romania (cons); 2003;0,24492;P90vsP10
Romania (cons); 2004;0,24415;P90vsP10
Romania (cons); 2005;0,24543;P90vsP10
Romania (cons); 2006;0,2381;P90vsP10
Romania (cons); 2007;0,24267;P90vsP10
Romania (cons); 2008;0,24794;P90vsP10
Romania (cons); 2009;0,26394;P90vsP10
Romania (cons); 2010;0,263;P90vsP10
Romania (cons); 2011;0,27484;P90vsP10
Romania (cons); 2012;0,27464;P90vsP10
Romania (cons); 2013;0,27224;P90vsP10
Romania (cons); 2016;0,25871;P90vsP10
Romania (inc); 1989;0,32305;P90vsP10
Romania (inc); 1992;0,29351;P90vsP10
Romania (inc); 1994;0,26824;P90vsP10
Romania (inc); 2006;0,12314;P90vsP10
Romania (inc); 2007;0,13855;P90vsP10
Romania (inc); 2008;0,14474;P90vsP10
Romania (inc); 2009;0,15527;P90vsP10
Romania (inc); 2010;0,14782;P90vsP10
Romania (inc); 2011;0,14108;P90vsP10
Romania (inc); 2012;0,13079;P90vsP10
Romania (inc); 2013;0,12693;P90vsP10
Romania (inc); 2014;0,12125;P90vsP10
Romania (inc); 2015;0,13005;P90vsP10
Russia (cons); 1993;0,1077;P90vsP10
Russia (cons); 1996;0,10803;P90vsP10
Russia (cons); 1997;0,16453;P90vsP10
Russia (cons); 1998;0,16428;P90vsP10
Russia (cons); 1999;0,16856;P90vsP10
Russia (cons); 2000;0,17423;P90vsP10
Russia (cons); 2001;0,17871;P90vsP10
Russia (cons); 2002;0,18013;P90vsP10
Russia (cons); 2003;0,15996;P90vsP10
Russia (cons); 2004;0,15673;P90vsP10
Russia (cons); 2005;0,15141;P90vsP10
Russia (cons); 2006;0,1544;P90vsP10
Russia (cons); 2007;0,14975;P90vsP10
Russia (cons); 2008;0,1575;P90vsP10
Russia (cons); 2009;0,16937;P90vsP10
Russia (cons); 2010;0,16938;P90vsP10
Russia (cons); 2011;0,16982;P90vsP10
Russia (cons); 2012;0,16472;P90vsP10
Russia (cons); 2013;0,16578;P90vsP10
Russia (cons); 2014;0,17189;P90vsP10
Russia (cons); 2015;0,18457;P90vsP10
Rwanda (cons); 1985;0,29564;P90vsP10
Rwanda (cons); 2000;0,12419;P90vsP10
Rwanda (cons); 2006;0,10801;P90vsP10
Rwanda (cons); 2011;0,14069;P90vsP10
Rwanda (cons); 2014;0,14893;P90vsP10
Saint Lucia (inc); 1995;0,13513;P90vsP10
Samoa (cons); 2008;0,16891;P90vsP10
Sao Tome and Principe (cons); 2001;0,23388;P90vsP10
Sao Tome and Principe (cons); 2010;0,24755;P90vsP10
Senegal (cons); 1991;0,0887;P90vsP10
Senegal (cons); 1994;0,16612;P90vsP10
Senegal (cons); 2006;0,16233;P90vsP10
Senegal (cons); 2011;0,15435;P90vsP10
Serbia (cons); 2002;0,22795;P90vsP10
Serbia (cons); 2003;0,21727;P90vsP10
Serbia (cons); 2004;0,19802;P90vsP10
Serbia (cons); 2005;0,18058;P90vsP10
Serbia (cons); 2006;0,24518;P90vsP10
Serbia (cons); 2007;0,2573;P90vsP10
Serbia (cons); 2008;0,27922;P90vsP10
Serbia (cons); 2009;0,26797;P90vsP10
Serbia (cons); 2010;0,25575;P90vsP10
Serbia (cons); 2013;0,25549;P90vsP10
Serbia (cons); 2015;0,26429;P90vsP10
Serbia (inc); 2012;0,10173;P90vsP10
Serbia (inc); 2013;0,09378;P90vsP10
Serbia (inc); 2014;0,10552;P90vsP10
Serbia (inc); 2015;0,10154;P90vsP10
Seychelles (cons); 2000;0,13879;P90vsP10
Seychelles (cons); 2006;0,15185;P90vsP10
Seychelles (inc); 2013;0,1201;P90vsP10
Sierra Leone (cons); 2003;0,17262;P90vsP10
Sierra Leone (cons); 2011;0,22075;P90vsP10
Slovakia (cons); 2004;0,26554;P90vsP10
Slovakia (cons); 2005;0,2539;P90vsP10
Slovakia (cons); 2006;0,28584;P90vsP10
Slovakia (cons); 2007;0,28158;P90vsP10
Slovakia (cons); 2008;0,29274;P90vsP10
Slovakia (cons); 2009;0,30817;P90vsP10
Slovakia (inc); 1996;0,24571;P90vsP10
Slovakia (inc); 2004;0,25143;P90vsP10
Slovakia (inc); 2005;0,23806;P90vsP10
Slovakia (inc); 2006;0,26966;P90vsP10
Slovakia (inc); 2007;0,27891;P90vsP10
Slovakia (inc); 2008;0,25988;P90vsP10
Slovakia (inc); 2009;0,24196;P90vsP10
Slovakia (inc); 2010;0,23844;P90vsP10
Slovakia (inc); 2011;0,25145;P90vsP10
Slovakia (inc); 2012;0,24889;P90vsP10
Slovakia (inc); 2013;0,22951;P90vsP10
Slovakia (inc); 2014;0,2344;P90vsP10
Slovakia (inc); 2015;0,24044;P90vsP10
Slovenia (cons); 1998;0,28002;P90vsP10
Slovenia (cons); 2002;0,25462;P90vsP10
Slovenia (cons); 2003;0,2424;P90vsP10
Slovenia (inc); 1993;0,27257;P90vsP10
Slovenia (inc); 2004;0,30037;P90vsP10
Slovenia (inc); 2005;0,30471;P90vsP10
Slovenia (inc); 2006;0,30959;P90vsP10
Slovenia (inc); 2007;0,30876;P90vsP10
Slovenia (inc); 2008;0,31909;P90vsP10
Slovenia (inc); 2009;0,30181;P90vsP10
Slovenia (inc); 2010;0,29415;P90vsP10
Slovenia (inc); 2011;0,29691;P90vsP10
Slovenia (inc); 2012;0,28205;P90vsP10
Slovenia (inc); 2013;0,274;P90vsP10
Slovenia (inc); 2014;0,28505;P90vsP10
Slovenia (inc); 2015;0,29138;P90vsP10
Solomon Islands (cons); 2005;0,12141;P90vsP10
Solomon Islands (cons); 2013;0,1847;P90vsP10
South Africa (cons); 1993;0,08138;P90vsP10
South Africa (cons); 1996;0,06753;P90vsP10
South Africa (cons); 2001;0,08347;P90vsP10
South Africa (cons); 2005;0,06718;P90vsP10
South Africa (cons); 2009;0,06684;P90vsP10
South Africa (cons); 2010;0,06332;P90vsP10
South Africa (cons); 2015;0,05855;P90vsP10
South Korea (inc); 2006;0,19926;P90vsP10
South Korea (inc); 2008;0,1948;P90vsP10
South Korea (inc); 2010;0,19349;P90vsP10
South Korea (inc); 2012;0,1972;P90vsP10
South Sudan (cons); 2009;0,08915;P90vsP10
Spain (inc); 2003;0,19453;P90vsP10
Spain (inc); 2004;0,18216;P90vsP10
Spain (inc); 2005;0,18498;P90vsP10
Spain (inc); 2006;0,17255;P90vsP10
Spain (inc); 2007;0,17514;P90vsP10
Spain (inc); 2008;0,17194;P90vsP10
Spain (inc); 2009;0,15785;P90vsP10
Spain (inc); 2010;0,15801;P90vsP10
Spain (inc); 2011;0,14642;P90vsP10
Spain (inc); 2012;0,14939;P90vsP10
Spain (inc); 2013;0,14061;P90vsP10
Spain (inc); 2014;0,13914;P90vsP10
Spain (inc); 2015;0,14107;P90vsP10
Sri Lanka (cons); 1985;0,24128;P90vsP10
Sri Lanka (cons); 1991;0,24349;P90vsP10
Sri Lanka (cons); 1996;0,21898;P90vsP10
Sri Lanka (cons); 2002;0,18068;P90vsP10
Sri Lanka (cons); 2007;0,18315;P90vsP10
Sri Lanka (cons); 2010;0,20786;P90vsP10
Sri Lanka (cons); 2013;0,1887;P90vsP10
Sri Lanka (cons); 2016;0,18508;P90vsP10
Sudan (cons); 2009;0,18606;P90vsP10
Sweden (inc); 2003;0,28528;P90vsP10
Sweden (inc); 2004;0,27948;P90vsP10
Sweden (inc); 2005;0,24814;P90vsP10
Sweden (inc); 2006;0,27101;P90vsP10
Sweden (inc); 2007;0,25734;P90vsP10
Sweden (inc); 2008;0,23963;P90vsP10
Sweden (inc); 2009;0,24865;P90vsP10
Sweden (inc); 2010;0,24123;P90vsP10
Sweden (inc); 2011;0,2364;P90vsP10
Sweden (inc); 2012;0,23615;P90vsP10
Sweden (inc); 2013;0,22157;P90vsP10
Sweden (inc); 2014;0,23439;P90vsP10
Sweden (inc); 2015;0,22235;P90vsP10
Switzerland (inc); 2006;0,20387;P90vsP10
Switzerland (inc); 2007;0,20128;P90vsP10
Switzerland (inc); 2008;0,20862;P90vsP10
Switzerland (inc); 2009;0,21772;P90vsP10
Switzerland (inc); 2010;0,21638;P90vsP10
Switzerland (inc); 2011;0,2259;P90vsP10
Switzerland (inc); 2012;0,23413;P90vsP10
Switzerland (inc); 2013;0,22817;P90vsP10
Switzerland (inc); 2014;0,22178;P90vsP10
Switzerland (inc); 2015;0,2225;P90vsP10
Syria (cons); 2004;0,21079;P90vsP10
Tajikistan (cons); 1999;0,23864;P90vsP10
Tajikistan (cons); 2003;0,22642;P90vsP10
Tajikistan (cons); 2004;0,21823;P90vsP10
Tajikistan (cons); 2007;0,18772;P90vsP10
Tajikistan (cons); 2009;0,24312;P90vsP10
Tajikistan (cons); 2015;0,20533;P90vsP10
Tanzania (cons); 1992;0,18809;P90vsP10
Tanzania (cons); 2000;0,1811;P90vsP10
Tanzania (cons); 2007;0,16251;P90vsP10
Tanzania (cons); 2012;0,1978;P90vsP10
Thailand (cons); 1981;0,14579;P90vsP10
Thailand (cons); 1988;0,16667;P90vsP10
Thailand (cons); 1990;0,15306;P90vsP10
Thailand (cons); 1992;0,13979;P90vsP10
Thailand (cons); 1994;0,1596;P90vsP10
Thailand (cons); 1996;0,16272;P90vsP10
Thailand (cons); 1998;0,17255;P90vsP10
Thailand (cons); 1999;0,1615;P90vsP10
Thailand (cons); 2000;0,16326;P90vsP10
Thailand (cons); 2002;0,16746;P90vsP10
Thailand (cons); 2004;0,16147;P90vsP10
Thailand (cons); 2006;0,16078;P90vsP10
Thailand (cons); 2007;0,17653;P90vsP10
Thailand (cons); 2008;0,17585;P90vsP10
Thailand (cons); 2009;0,17821;P90vsP10
Thailand (cons); 2010;0,17899;P90vsP10
Thailand (cons); 2011;0,19707;P90vsP10
Thailand (cons); 2012;0,18138;P90vsP10
Thailand (cons); 2013;0,19147;P90vsP10
Thailand (cons); 2014;0,19818;P90vsP10
Thailand (cons); 2015;0,21015;P90vsP10
Timor (cons); 2001;0,2036;P90vsP10
Timor (cons); 2007;0,29272;P90vsP10
Timor (cons); 2014;0,27951;P90vsP10
Togo (cons); 2006;0,15991;P90vsP10
Togo (cons); 2011;0,12634;P90vsP10
Togo (cons); 2015;0,1292;P90vsP10
Tonga (cons); 2001;0,1652;P90vsP10
Tonga (cons); 2009;0,18172;P90vsP10
Trinidad and Tobago (inc); 1988;0,12879;P90vsP10
Trinidad and Tobago (inc); 1992;0,14363;P90vsP10
Tunisia (cons); 1985;0,1464;P90vsP10
Tunisia (cons); 1990;0,15399;P90vsP10
Tunisia (cons); 1995;0,15286;P90vsP10
Tunisia (cons); 2000;0,16106;P90vsP10
Tunisia (cons); 2005;0,17169;P90vsP10
Tunisia (cons); 2010;0,1826;P90vsP10
Turkey (cons); 1987;0,15066;P90vsP10
Turkey (cons); 1994;0,15356;P90vsP10
Turkey (cons); 2002;0,15155;P90vsP10
Turkey (cons); 2003;0,14036;P90vsP10
Turkey (cons); 2004;0,13993;P90vsP10
Turkey (cons); 2005;0,12838;P90vsP10
Turkey (cons); 2006;0,14492;P90vsP10
Turkey (cons); 2007;0,1523;P90vsP10
Turkey (cons); 2008;0,14523;P90vsP10
Turkey (cons); 2009;0,15338;P90vsP10
Turkey (cons); 2010;0,15319;P90vsP10
Turkey (cons); 2011;0,14752;P90vsP10
Turkey (cons); 2012;0,14924;P90vsP10
Turkey (cons); 2013;0,15026;P90vsP10
Turkey (cons); 2014;0,14757;P90vsP10
Turkey (cons); 2015;0,14081;P90vsP10
Turkey (cons); 2016;0,14715;P90vsP10
Turkmenistan (cons); 1998;0,16787;P90vsP10
Tuvalu (cons); 2010;0,1768;P90vsP10
Uganda (cons); 1989;0,12864;P90vsP10
Uganda (cons); 1992;0,15768;P90vsP10
Uganda (cons); 1996;0,18016;P90vsP10
Uganda (cons); 2000;0,14947;P90vsP10
Uganda (cons); 2002;0,14689;P90vsP10
Uganda (cons); 2005;0,15539;P90vsP10
Uganda (cons); 2009;0,14612;P90vsP10
Uganda (cons); 2012;0,16221;P90vsP10
Uganda (cons); 2017;0,1602;P90vsP10
Ukraine (cons); 1992;0,23111;P90vsP10
Ukraine (cons); 1993;0,26178;P90vsP10
Ukraine (cons); 1995;0,15976;P90vsP10
Ukraine (cons); 1996;0,19287;P90vsP10
Ukraine (cons); 2002;0,2606;P90vsP10
Ukraine (cons); 2003;0,26994;P90vsP10
Ukraine (cons); 2004;0,25901;P90vsP10
Ukraine (cons); 2005;0,26235;P90vsP10
Ukraine (cons); 2006;0,25722;P90vsP10
Ukraine (cons); 2007;0,29126;P90vsP10
Ukraine (cons); 2008;0,29654;P90vsP10
Ukraine (cons); 2009;0,31404;P90vsP10
Ukraine (cons); 2010;0,3243;P90vsP10
Ukraine (cons); 2011;0,32465;P90vsP10
Ukraine (cons); 2012;0,32563;P90vsP10
Ukraine (cons); 2013;0,32183;P90vsP10
Ukraine (cons); 2014;0,33229;P90vsP10
Ukraine (cons); 2015;0,30728;P90vsP10
Ukraine (cons); 2016;0,31595;P90vsP10
Ukraine (inc); 1999;0,26208;P90vsP10
United Kingdom (inc); 2004;0,17444;P90vsP10
United Kingdom (inc); 2005;0,18409;P90vsP10
United Kingdom (inc); 2006;0,18835;P90vsP10
United Kingdom (inc); 2007;0,18311;P90vsP10
United Kingdom (inc); 2008;0,19381;P90vsP10
United Kingdom (inc); 2009;0,19845;P90vsP10
United Kingdom (inc); 2010;0,19929;P90vsP10
United Kingdom (inc); 2011;0,20799;P90vsP10
United Kingdom (inc); 2012;0,22027;P90vsP10
United Kingdom (inc); 2013;0,20944;P90vsP10
United Kingdom (inc); 2014;0,20348;P90vsP10
United Kingdom (inc); 2015;0,20535;P90vsP10
United States (inc); 1986;0,14143;P90vsP10
United States (inc); 1991;0,13875;P90vsP10
United States (inc); 1994;0,12849;P90vsP10
United States (inc); 1997;0,127;P90vsP10
United States (inc); 2000;0,13022;P90vsP10
United States (inc); 2004;0,12149;P90vsP10
United States (inc); 2007;0,1191;P90vsP10
United States (inc); 2010;0,11996;P90vsP10
United States (inc); 2013;0,1216;P90vsP10
United States (inc); 2016;0,11724;P90vsP10
Uruguay (Urban) (inc); 1992;0,14209;P90vsP10
Uruguay (Urban) (inc); 1995;0,12627;P90vsP10
Uruguay (Urban) (inc); 1996;0,12248;P90vsP10
Uruguay (Urban) (inc); 1997;0,12509;P90vsP10
Uruguay (Urban) (inc); 1998;0,11591;P90vsP10
Uruguay (Urban) (inc); 2000;0,12858;P90vsP10
Uruguay (Urban) (inc); 2001;0,12237;P90vsP10
Uruguay (Urban) (inc); 2002;0,12232;P90vsP10
Uruguay (Urban) (inc); 2003;0,13175;P90vsP10
Uruguay (Urban) (inc); 2004;0,12163;P90vsP10
Uruguay (Urban) (inc); 2005;0,12538;P90vsP10
Uruguay (inc); 1981;0,12691;P90vsP10
Uruguay (inc); 1989;0,13096;P90vsP10
Uruguay (inc); 2006;0,12678;P90vsP10
Uruguay (inc); 2007;0,12392;P90vsP10
Uruguay (inc); 2008;0,12986;P90vsP10
Uruguay (inc); 2009;0,12332;P90vsP10
Uruguay (inc); 2010;0,13146;P90vsP10
Uruguay (inc); 2011;0,13996;P90vsP10
Uruguay (inc); 2012;0,14839;P90vsP10
Uruguay (inc); 2013;0,14532;P90vsP10
Uruguay (inc); 2014;0,14648;P90vsP10
Uruguay (inc); 2015;0,14705;P90vsP10
Uruguay (inc); 2016;0,15275;P90vsP10
Uzbekistan (cons); 1998;0,07838;P90vsP10
Uzbekistan (cons); 2000;0,18516;P90vsP10
Uzbekistan (cons); 2002;0,22172;P90vsP10
Uzbekistan (cons); 2003;0,19431;P90vsP10
Vanuatu (cons); 2010;0,17978;P90vsP10
Venezuela (inc); 1981;0,07822;P90vsP10
Venezuela (inc); 1987;0,08736;P90vsP10
Venezuela (inc); 1989;0,06117;P90vsP10
Venezuela (inc); 1992;0,10443;P90vsP10
Venezuela (inc); 1995;0,07691;P90vsP10
Venezuela (inc); 1998;0,03982;P90vsP10
Venezuela (inc); 1999;0,06672;P90vsP10
Venezuela (inc); 2001;0,06325;P90vsP10
Venezuela (inc); 2002;0,03141;P90vsP10
Venezuela (inc); 2003;0,01616;P90vsP10
Venezuela (inc); 2004;0,01545;P90vsP10
Venezuela (inc); 2005;0,00468;P90vsP10
Venezuela (inc); 2006;0,04153;P90vsP10
Vietnam (cons); 1993;0,21417;P90vsP10
Vietnam (cons); 1999;0,21704;P90vsP10
Vietnam (cons); 2002;0,20533;P90vsP10
Vietnam (cons); 2004;0,1951;P90vsP10
Vietnam (cons); 2006;0,1975;P90vsP10
Vietnam (cons); 2008;0,20033;P90vsP10
Vietnam (cons); 2010;0,16766;P90vsP10
Vietnam (cons); 2012;0,19194;P90vsP10
Vietnam (cons); 2014;0,18963;P90vsP10
Vietnam (cons); 2016;0,18518;P90vsP10
Yemen (cons); 1998;0,19782;P90vsP10
Yemen (cons); 2005;0,21634;P90vsP10
Yemen (cons); 2014;0,19741;P90vsP10
Zambia (cons); 1991;0,01467;P90vsP10
Zambia (cons); 1993;0,07352;P90vsP10
Zambia (cons); 1996;0,11249;P90vsP10
Zambia (cons); 1998;0,10442;P90vsP10
Zambia (cons); 2003;0,15574;P90vsP10
Zambia (cons); 2005;0,08704;P90vsP10
Zambia (cons); 2007;0,08687;P90vsP10
Zambia (cons); 2010;0,09505;P90vsP10
Zambia (cons); 2015;0,06865;P90vsP10
Zimbabwe (cons); 2011;0,15874;P90vsP10
